/*
 Navicat Premium Data Transfer

 Source Server         : docker-mysql
 Source Server Type    : MySQL
 Source Server Version : 50627
 Source Host           : localhost
 Source Database       : cwone

 Target Server Type    : MySQL
 Target Server Version : 50627
 File Encoding         : utf-8

 Date: 01/18/2021 08:25:10 AM
*/

SET NAMES utf8;
SET FOREIGN_KEY_CHECKS = 0;

-- ----------------------------
--  Table structure for `district`
-- ----------------------------
DROP TABLE IF EXISTS `district`;
CREATE TABLE `district` (
  `id` int(11) NOT NULL AUTO_INCREMENT,
  `title` varchar(255) NOT NULL,
  PRIMARY KEY (`id`)
) ENGINE=InnoDB AUTO_INCREMENT=27 DEFAULT CHARSET=latin1;

-- ----------------------------
--  Records of `district`
-- ----------------------------
BEGIN;
INSERT INTO `district` VALUES ('15', 'Gulmi'), ('16', 'Palpa'), ('17', 'Nawalparasi'), ('18', 'Rupandehi'), ('19', 'Kapilbastu'), ('20', 'Arghakhanchi'), ('21', 'Pyuthan'), ('22', 'Rolpa'), ('23', 'Rukum'), ('24', 'Dang'), ('25', 'Banke'), ('26', 'Bardiya');
COMMIT;

-- ----------------------------
--  Table structure for `institution`
-- ----------------------------
DROP TABLE IF EXISTS `institution`;
CREATE TABLE `institution` (
  `id` int(11) NOT NULL,
  `title` varchar(255) NOT NULL,
  `lat` decimal(10,8) NOT NULL,
  `long` decimal(11,8) NOT NULL,
  `ward_id` int(11) NOT NULL,
  `type` varchar(255) NOT NULL,
  PRIMARY KEY (`id`),
  KEY `ward_id` (`ward_id`),
  CONSTRAINT `ward_id` FOREIGN KEY (`ward_id`) REFERENCES `ward` (`id`) ON DELETE CASCADE ON UPDATE NO ACTION
) ENGINE=InnoDB DEFAULT CHARSET=latin1;

-- ----------------------------
--  Records of `institution`
-- ----------------------------
BEGIN;
INSERT INTO `institution` VALUES ('1', 'Butwal Sub-Metropolitan ward no.1 office', '27.71197400', '83.46201400', '1199', 'goverment_instituion'), ('2', 'Butwal Jama Masjid', '27.70457838', '83.45994027', '1199', 'temple'), ('3', 'Kamana Sewa Bikash Bank', '27.70473986', '83.45737071', '1199', 'bank'), ('4', 'Shree Ujir Singh Secondary School', '27.70406544', '83.45791252', '1199', 'school');
COMMIT;

-- ----------------------------
--  Table structure for `municipality`
-- ----------------------------
DROP TABLE IF EXISTS `municipality`;
CREATE TABLE `municipality` (
  `id` int(11) NOT NULL AUTO_INCREMENT,
  `title` varchar(255) NOT NULL,
  `district_id` int(11) NOT NULL,
  `lg_id` int(11) NOT NULL,
  PRIMARY KEY (`id`),
  KEY `district_id` (`district_id`),
  CONSTRAINT `municipality_ibfk_1` FOREIGN KEY (`district_id`) REFERENCES `district` (`id`)
) ENGINE=InnoDB AUTO_INCREMENT=215 DEFAULT CHARSET=latin1;

-- ----------------------------
--  Records of `municipality`
-- ----------------------------
BEGIN;
INSERT INTO `municipality` VALUES ('108', 'Chandrakot Rural Municipality', '15', '50403'), ('109', 'Chhatrakot Rural Municipality', '15', '50411'), ('110', 'Dhurkot Rural Municipality', '15', '50408'), ('111', 'Gulmidarbar Rural Municipality', '15', '50410'), ('112', 'Ishma Rural Municipality', '15', '50405'), ('113', 'Kaligandaki Rural Municipality', '15', '50401'), ('114', 'Madane Rural Municipality', '15', '50407'), ('115', 'Malika Rural Municipality', '15', '50406'), ('116', 'Musikot Municipality', '15', '50404'), ('117', 'Resunga Municipality', '15', '50409'), ('118', 'Rurukshetra Rural Municipality', '15', '50412'), ('119', 'Baganaskali Rural Municipality', '16', '50604'), ('120', 'Mathagadhi Rural Municipality', '16', '50609'), ('121', 'Nisdi Rural Municipality', '16', '50610'), ('122', 'Purbakhola Rural Municipality', '16', '50602'), ('123', 'Rainadevichhahara Rural Municipality', '16', '50607'), ('124', 'Rambha Rural Municipality', '16', '50603'), ('125', 'Rampur Municipality', '16', '50601'), ('126', 'Ribdikot Rural Municipality', '16', '50606'), ('127', 'Tansen Municipality', '16', '50605'), ('128', 'Tinau Rural Municipality', '16', '50608'), ('129', 'Bardghat Municipality', '17', '50701'), ('130', 'Palhinandan Rural Municipality', '17', '50704'), ('131', 'Pratappur Rural Municipality', '17', '50706'), ('132', 'Ramgram Municipality', '17', '50703'), ('133', 'Sarawal Rural Municipality', '17', '50705'), ('134', 'Sunwal Municipality', '17', '50702'), ('135', 'Susta Rural Municipality', '17', '50707'), ('136', 'Butwal Sub-Metropolitian City', '18', '50802'), ('137', 'Devdaha Municipality', '18', '50801'), ('138', 'Gaidahawa Rural Municipality', '18', '50805'), ('139', 'Kanchan Rural Municipality', '18', '50804'), ('140', 'Kotahimai Rural Municipality', '18', '50814'), ('141', 'Lumbinisanskritik Municipality', '18', '50813'), ('142', 'Marchawari Rural Municipality', '18', '50816'), ('143', 'Mayadevi Rural Municipality', '18', '50812'), ('144', 'Omsatiya Rural Municipality', '18', '50809'), ('145', 'Rohini Rural Municipality', '18', '50810'), ('146', 'Sainamaina Municipality', '18', '50803'), ('147', 'Sammarimai Rural Municipality', '18', '50815'), ('148', 'Siddharthanagar Municipality', '18', '50811'), ('149', 'Siyari Rural Municipality', '18', '50807'), ('150', 'Shuddhodhan Rural Municipality', '18', '50806'), ('151', 'Tilottama Municipality', '18', '50808'), ('152', 'Banganga Municipality', '19', '50901'), ('153', 'Bijaynagar Rural Municipality', '19', '50904'), ('154', 'Buddhabhumi Municipality', '19', '50902'), ('155', 'Kapilvastu Municipality', '19', '50907'), ('156', 'Krishnanagar Municipality', '19', '50905'), ('157', 'Maharajgunj Municipality', '19', '50906'), ('158', 'Mayadevi Rural Municipality', '19', '50812'), ('159', 'Shivraj Municipality', '19', '50903'), ('160', 'Shuddhodhan Rural Municipality', '19', '50806'), ('161', 'Yasodhara Rural Municipality', '19', '50908'), ('162', 'Bhumikasthan Municipality', '20', '50503'), ('163', 'Chhatradev Rural Municipality', '20', '50501'), ('164', 'Malarani Rural Municipality', '20', '50502'), ('165', 'Panini Rural Municipality', '20', '50505'), ('166', 'Sandhikharka Municipality', '20', '50504'), ('167', 'Shitaganga Municipality', '20', '50506'), ('168', 'Airawati Rural Municipality', '21', '50308'), ('169', 'Gaumukhi Rural Municipality', '21', '50301'), ('170', 'Jhimruk Rural Municipality', '21', '50303'), ('171', 'Mallarani Rural Municipality', '21', '50307'), ('172', 'Mandavi Rural Municipality', '21', '50306'), ('173', 'Naubahini Rural Municipality', '21', '50302'), ('174', 'Pyuthan Municipality', '21', '50304'), ('175', 'Sarumarani Rural Municipality', '21', '50309'), ('176', 'Swargadwari Municipality', '21', '50305'), ('177', 'Pariwartan Rural Municipality', '22', '50203'), ('178', 'Lungri Rural Municipality', '22', '50210'), ('179', 'Madi Rural Municipality', '22', '50205'), ('180', 'Rolpa Municipality', '22', '50207'), ('181', 'Runtigadhi Rural Municipality', '22', '50208'), ('182', 'Sunil Smriti Rural Municipality', '22', '50209'), ('183', 'Sunchhahari Rural Municipality', '22', '50201'), ('184', 'Thabang Rural Municipality', '22', '50202'), ('185', 'Triveni Rural Municipality', '22', '50206'), ('186', 'Bhume Rural Municipality', '23', '50103'), ('187', 'Puthauttarganga Rural Municipality', '23', '50101'), ('188', 'Sisne Rural Municipality', '23', '50102'), ('189', 'Babai Rural Municipality', '24', '51005'), ('190', 'Bangalachuli Rural Municipality', '24', '51001'), ('191', 'Dangisharan Rural Municipality', '24', '51006'), ('192', 'Gadhawa Rural Municipality', '24', '51009'), ('193', 'Ghorahi Sub-Metropolitian City', '24', '51002'), ('194', 'Lamahi Municipality', '24', '51007'), ('195', 'Rajpur Rural Municipality', '24', '51010'), ('196', 'Rapti Rural Municipality', '24', '51008'), ('197', 'Shantinagar Rural Municipality', '24', '51004'), ('198', 'Tulsipur Sub-Metropolitian City', '24', '51003'), ('199', 'Baijanath Rural Municipality', '25', '51103'), ('200', 'Duduwa Rural Municipality', '25', '51107'), ('201', 'Janaki Rural Municipality', '25', '51105'), ('202', 'Khajura Rural Municipality', '25', '51104'), ('203', 'Kohalpur Municipality', '25', '51102'), ('204', 'Narainapur Rural Municipality', '25', '51108'), ('205', 'Nepalgunj Sub-Metropolitian City', '25', '51106'), ('206', 'Raptisonari Rural Municipality', '25', '51101'), ('207', 'Badhaiyatal Rural Municipality', '26', '51208'), ('208', 'Bansgadhi Municipality', '26', '51201'), ('209', 'Barbardiya Municipality', '26', '51202'), ('210', 'Geruwa Rural Municipality', '26', '51204'), ('211', 'Gulariya Municipality', '26', '51207'), ('212', 'Madhuwan Municipality', '26', '51206'), ('213', 'Rajapur Municipality', '26', '51205'), ('214', 'Thakurbaba Municipality', '26', '51203');
COMMIT;

-- ----------------------------
--  Table structure for `statistics`
-- ----------------------------
DROP TABLE IF EXISTS `statistics`;
CREATE TABLE `statistics` (
  `id` int(11) NOT NULL AUTO_INCREMENT,
  `population` bigint(20) DEFAULT NULL,
  `male_population` bigint(20) DEFAULT NULL,
  `female_population` bigint(20) DEFAULT NULL,
  `ward_id` int(11) NOT NULL,
  `household` int(11) DEFAULT NULL,
  PRIMARY KEY (`id`),
  KEY `ward_id` (`ward_id`),
  CONSTRAINT `statistics_ibfk_1` FOREIGN KEY (`ward_id`) REFERENCES `ward` (`id`)
) ENGINE=InnoDB AUTO_INCREMENT=985 DEFAULT CHARSET=latin1;

-- ----------------------------
--  Records of `statistics`
-- ----------------------------
BEGIN;
INSERT INTO `statistics` VALUES ('1', '2082', '899', '1183', '957', '452'), ('2', '2413', '1042', '1371', '958', '537'), ('3', '1829', '797', '1032', '959', '444'), ('4', '3865', '1710', '2155', '960', '910'), ('5', '2329', '989', '1340', '961', '504'), ('6', '1869', '798', '1071', '962', '436'), ('7', '3518', '1446', '2072', '963', '878'), ('8', '3922', '1714', '2208', '964', '961'), ('9', '3284', '1324', '1960', '965', '858'), ('10', '2862', '1178', '1684', '966', '633'), ('11', '4171', '1697', '2474', '967', '1045'), ('12', '4503', '1880', '2623', '968', '1182'), ('13', '3834', '1609', '2225', '969', '934'), ('14', '2827', '1158', '1669', '970', '663'), ('15', '3365', '1415', '1950', '971', '805'), ('16', '3136', '1388', '1748', '972', '761'), ('17', '3771', '1582', '2189', '973', '883'), ('18', '2688', '1165', '1523', '974', '627'), ('19', '2832', '1190', '1642', '975', '698'), ('20', '3133', '1314', '1819', '976', '720'), ('21', '3529', '1553', '1976', '977', '813'), ('22', '3902', '1630', '2272', '978', '859'), ('23', '3871', '1576', '2295', '979', '947'), ('24', '2563', '1052', '1511', '980', '643'), ('25', '4577', '1860', '2717', '981', '1088'), ('26', '1943', '818', '1125', '982', '476'), ('27', '2175', '936', '1239', '983', '518'), ('28', '3006', '1252', '1754', '984', '735'), ('29', '3106', '1295', '1811', '985', '712'), ('30', '3795', '1580', '2215', '986', '840'), ('31', '2779', '1159', '1620', '987', '667'), ('32', '4124', '1774', '2350', '988', '852'), ('33', '3562', '1522', '2040', '989', '805'), ('34', '3598', '1578', '2020', '990', '840'), ('35', '2426', '1101', '1325', '991', '527'), ('36', '2783', '1208', '1575', '992', '583'), ('37', '1294', '568', '726', '993', '270'), ('38', '2044', '904', '1140', '994', '437'), ('39', '2648', '1164', '1484', '995', '580'), ('40', '3834', '1664', '2170', '996', '837'), ('41', '3847', '1666', '2181', '997', '864'), ('42', '3634', '1668', '1966', '998', '701'), ('43', '3540', '1565', '1975', '999', '784'), ('44', '3329', '1436', '1893', '1000', '783'), ('45', '2198', '941', '1257', '1001', '507'), ('46', '2187', '972', '1215', '1002', '450'), ('47', '3833', '1629', '2204', '1003', '892'), ('48', '3178', '1394', '1784', '1004', '740'), ('49', '1682', '723', '959', '1005', '353'), ('50', '3160', '1391', '1769', '1006', '601'), ('51', '2058', '917', '1141', '1007', '389'), ('52', '1511', '677', '834', '1008', '310'), ('53', '3252', '1484', '1768', '1009', '660'), ('54', '2657', '1134', '1523', '1010', '586'), ('55', '3588', '1563', '2025', '1011', '768'), ('56', '3821', '1713', '2108', '1012', '883'), ('57', '5236', '2328', '2908', '1013', '1088'), ('58', '4033', '1730', '2303', '1014', '857'), ('59', '3290', '1441', '1849', '1015', '720'), ('60', '4762', '2032', '2730', '1016', '1009'), ('61', '3900', '1639', '2261', '1017', '915'), ('62', '3112', '1317', '1795', '1018', '708'), ('63', '3567', '1573', '1994', '1019', '747'), ('64', '2792', '1202', '1590', '1020', '576'), ('65', '2110', '947', '1163', '1021', '455'), ('66', '4690', '2305', '2385', '1022', '1380'), ('67', '2609', '1229', '1380', '1023', '752'), ('68', '1541', '663', '878', '1024', '355'), ('69', '2165', '916', '1249', '1025', '489'), ('70', '1360', '573', '787', '1026', '341'), ('71', '1927', '772', '1155', '1027', '464'), ('72', '1907', '857', '1050', '1028', '432'), ('73', '3666', '1700', '1966', '1029', '1090'), ('74', '1973', '924', '1049', '1030', '521'), ('75', '3550', '1533', '2017', '1031', '839'), ('76', '1613', '629', '984', '1032', '384'), ('77', '1736', '711', '1025', '1033', '383'), ('78', '916', '360', '556', '1034', '228'), ('79', '2895', '1182', '1713', '1035', '695'), ('80', '3306', '1500', '1806', '1036', '875'), ('81', '2586', '1036', '1550', '1037', '642'), ('82', '2585', '1060', '1525', '1038', '677'), ('83', '4210', '1830', '2380', '1039', '1092'), ('84', '3475', '1463', '2012', '1040', '855'), ('85', '2419', '1003', '1416', '1041', '562'), ('86', '2978', '1213', '1765', '1036', '769'), ('87', '2258', '980', '1278', '1037', '479'), ('88', '3845', '1771', '2074', '1038', '752'), ('89', '3039', '1299', '1740', '1039', '708'), ('90', '2877', '1234', '1643', '1040', '626'), ('91', '4342', '1854', '2488', '1041', '1098'), ('92', '2847', '1174', '1673', '1042', '674'), ('93', '1621', '637', '984', '1043', '420'), ('94', '4266', '1815', '2451', '1044', '1000'), ('95', '2208', '941', '1267', '1045', '586'), ('96', '2153', '951', '1202', '1046', '534'), ('97', '2094', '884', '1210', '1047', '486'), ('98', '2097', '878', '1219', '1048', '519'), ('99', '3573', '1465', '2108', '1049', '901'), ('100', '1881', '781', '1100', '1050', '467'), ('101', '1014', '443', '571', '1051', '260'), ('102', '2075', '852', '1223', '1052', '517'), ('103', '4171', '1799', '2372', '1053', '1002'), ('104', '2078', '912', '1166', '1054', '464'), ('105', '5111', '2234', '2877', '1055', '1088'), ('106', '4536', '1966', '2570', '1056', '964'), ('107', '2758', '1310', '1448', '1057', '420'), ('108', '2386', '1099', '1287', '1058', '442'), ('109', '2287', '1035', '1252', '1059', '386'), ('110', '1690', '761', '929', '1060', '300'), ('111', '2964', '1312', '1652', '1061', '579'), ('112', '1988', '882', '1106', '1062', '331'), ('113', '3127', '1420', '1707', '1063', '443'), ('114', '4409', '2085', '2324', '1064', '758'), ('115', '3824', '1655', '2169', '1065', '751'), ('116', '2545', '1150', '1395', '1066', '453'), ('117', '3754', '1711', '2043', '1067', '576'), ('118', '4988', '2210', '2778', '1068', '1035'), ('119', '3160', '1408', '1752', '1069', '618'), ('120', '2498', '1117', '1381', '1070', '543'), ('121', '2989', '1324', '1665', '1071', '628'), ('122', '3640', '1538', '2102', '1072', '762'), ('123', '2314', '966', '1348', '1073', '499'), ('124', '2744', '1213', '1531', '1074', '660'), ('125', '2724', '1191', '1533', '1075', '635'), ('126', '5408', '2279', '3129', '1076', '1236'), ('127', '4798', '2051', '2747', '1077', '1180'), ('128', '2147', '933', '1214', '1078', '532'), ('129', '3440', '1550', '1890', '1079', '712'), ('130', '2043', '961', '1082', '1080', '425'), ('131', '3165', '1481', '1684', '1081', '629'), ('132', '5389', '2292', '3097', '1082', '1247'), ('133', '3733', '1493', '2240', '1083', '788'), ('134', '5084', '2131', '2953', '1084', '1193'), ('135', '2436', '1052', '1384', '1085', '550'), ('136', '3548', '1484', '2064', '1086', '848'), ('137', '3113', '1311', '1802', '1087', '740'), ('138', '2014', '855', '1159', '1088', '437'), ('139', '3734', '1625', '2109', '1089', '871'), ('140', '3831', '1652', '2179', '1090', '885'), ('141', '5053', '2358', '2695', '1091', '1272'), ('142', '3274', '1430', '1844', '1092', '764'), ('143', '3188', '1438', '1750', '1093', '697'), ('144', '3678', '1581', '2097', '1094', '827'), ('145', '2511', '1060', '1451', '1095', '548'), ('146', '5000', '2128', '2872', '1096', '1091'), ('147', '2334', '1000', '1334', '1097', '546'), ('148', '2324', '963', '1361', '1098', '629'), ('149', '2131', '916', '1215', '1099', '566'), ('150', '2211', '956', '1255', '1100', '572'), ('151', '1624', '704', '920', '1101', '413'), ('152', '2522', '1062', '1460', '1102', '578'), ('153', '2652', '1129', '1523', '1103', '655'), ('154', '2972', '1250', '1722', '1104', '688'), ('155', '3720', '1759', '1961', '1105', '1007'), ('156', '4414', '2122', '2292', '1106', '1409'), ('157', '5938', '2810', '3128', '1107', '1798'), ('158', '3883', '1889', '1994', '1108', '1184'), ('159', '3797', '1797', '2000', '1109', '981'), ('160', '4584', '2069', '2515', '1110', '1244'), ('161', '4096', '1902', '2194', '1111', '1094'), ('162', '3214', '1416', '1798', '1112', '749'), ('163', '3067', '1307', '1760', '1113', '792'), ('164', '3113', '1342', '1771', '1114', '752'), ('165', '2463', '1043', '1420', '1115', '622'), ('166', '2568', '1073', '1495', '1116', '664'), ('167', '2155', '858', '1297', '1117', '531'), ('168', '3393', '1429', '1964', '1118', '819'), ('169', '3699', '1720', '1979', '1119', '787'), ('170', '3618', '1655', '1963', '1120', '739'), ('171', '2950', '1428', '1522', '1121', '629'), ('172', '2094', '984', '1110', '1122', '334'), ('173', '2913', '1344', '1569', '1123', '537'), ('174', '3811', '1683', '2128', '1124', '862'), ('175', '2402', '1083', '1319', '1125', '501'), ('176', '5501', '2518', '2983', '1126', '1180'), ('177', '622', '306', '316', '1127', '130'), ('178', '11715', '5420', '6295', '1128', '2848'), ('179', '3467', '1546', '1921', '1129', '731'), ('180', '1175', '557', '618', '1130', '261'), ('181', '1428', '667', '761', '1131', '293'), ('182', '1188', '533', '655', '1132', '259'), ('183', '2361', '1045', '1316', '1133', '578'), ('184', '3506', '1652', '1854', '1134', '773'), ('185', '2765', '1253', '1512', '1135', '546'), ('186', '4891', '2315', '2576', '1136', '976'), ('187', '5847', '2705', '3142', '1137', '1162'), ('188', '5620', '2554', '3066', '1138', '1205'), ('189', '4608', '2110', '2498', '1139', '1014'), ('190', '4376', '1873', '2503', '1140', '958'), ('191', '5003', '2472', '2531', '1141', '822'), ('192', '6148', '2963', '3185', '1142', '1086'), ('193', '6758', '3270', '3488', '1143', '1079'), ('194', '5622', '2703', '2919', '1144', '939'), ('195', '6045', '3008', '3037', '1145', '1006'), ('196', '5853', '2895', '2958', '1146', '949'), ('197', '3741', '1768', '1973', '1147', '674'), ('198', '4852', '2367', '2485', '1148', '867'), ('199', '5124', '2546', '2578', '1149', '860'), ('200', '4813', '2500', '2313', '1150', '746'), ('201', '6004', '3077', '2927', '1151', '906'), ('202', '4625', '2378', '2247', '1152', '711'), ('203', '5473', '2796', '2677', '1153', '827'), ('204', '4814', '2452', '2362', '1154', '809'), ('205', '5795', '2903', '2892', '1155', '986'), ('206', '2214', '1092', '1122', '1156', '414'), ('207', '2304', '1154', '1150', '1157', '493'), ('208', '2550', '1238', '1312', '1158', '611'), ('209', '2084', '1026', '1058', '1159', '361'), ('210', '1917', '955', '962', '1160', '418'), ('211', '1866', '942', '924', '1161', '335'), ('212', '2713', '1344', '1369', '1162', '469'), ('213', '2125', '1009', '1116', '1163', '384'), ('214', '2480', '1244', '1236', '1164', '418'), ('215', '3903', '1918', '1985', '1165', '696'), ('216', '1586', '759', '827', '1166', '294'), ('217', '2107', '1036', '1071', '1167', '405'), ('218', '1429', '695', '734', '1168', '260'), ('219', '4953', '2374', '2579', '1169', '921'), ('220', '4715', '2333', '2382', '1170', '799'), ('221', '6627', '3185', '3442', '1171', '1096'), ('222', '5359', '2626', '2733', '1172', '927'), ('223', '5913', '2922', '2991', '1173', '981'), ('224', '5500', '2549', '2951', '1174', '1133'), ('225', '5595', '2680', '2915', '1175', '1018'), ('226', '5554', '2744', '2810', '1176', '1002'), ('227', '5273', '2541', '2732', '1177', '923'), ('228', '3915', '1955', '1960', '1178', '657'), ('229', '6112', '3082', '3030', '1179', '975'), ('230', '5469', '2776', '2693', '1180', '925'), ('231', '5140', '2420', '2720', '1181', '1204'), ('232', '3520', '1695', '1825', '1182', '689'), ('233', '4052', '1800', '2252', '1183', '943'), ('234', '5707', '2622', '3085', '1184', '1285'), ('235', '2962', '1298', '1664', '1185', '667'), ('236', '3410', '1521', '1889', '1186', '782'), ('237', '4733', '2166', '2567', '1187', '979'), ('238', '3816', '1725', '2091', '1188', '825'), ('239', '4144', '1985', '2159', '1189', '746'), ('240', '2359', '1093', '1266', '1190', '519'), ('241', '5348', '2335', '3013', '1191', '1134'), ('242', '5729', '2672', '3057', '1192', '1249'), ('243', '4870', '2253', '2617', '1193', '996'), ('244', '5893', '2768', '3125', '1194', '1198'), ('245', '5958', '2828', '3130', '1195', '1142'), ('246', '5715', '2773', '2942', '1196', '969'), ('247', '6015', '2886', '3129', '1197', '953'), ('248', '12309', '6200', '6109', '1198', '1968'), ('249', '3370', '1673', '1697', '1199', '634'), ('250', '6487', '3353', '3134', '1200', '1491'), ('251', '10842', '5476', '5366', '1201', '3039'), ('252', '9603', '4995', '4608', '1202', '2368'), ('253', '3202', '1725', '1477', '1203', '669'), ('254', '6787', '3470', '3317', '1204', '1598'), ('255', '10597', '5019', '5578', '1205', '2631'), ('256', '11942', '5856', '6086', '1206', '3175'), ('257', '9170', '4723', '4447', '1207', '2445'), ('258', '4361', '2092', '2269', '1208', '1114'), ('259', '28193', '13834', '14359', '1209', '7258'), ('260', '6542', '3101', '3441', '1210', '1566'), ('261', '7366', '3491', '3875', '1211', '1674'), ('262', '3566', '1640', '1926', '1212', '778'), ('263', '3582', '1650', '1932', '1213', '815'), ('264', '2934', '1367', '1567', '1214', '583'), ('265', '4018', '1913', '2105', '1215', '948'), ('266', '2582', '1232', '1350', '1216', '531'), ('267', '3598', '1678', '1920', '1217', '780'), ('268', '4237', '1986', '2251', '1218', '833'), ('269', '3700', '1647', '2053', '1219', '857'), ('270', '3346', '1568', '1778', '1220', '698'), ('271', '3456', '1646', '1810', '1221', '744'), ('272', '6120', '2762', '3358', '1222', '1365'), ('273', '3611', '1643', '1968', '1223', '802'), ('274', '5650', '2588', '3062', '1224', '1331'), ('275', '3929', '1743', '2186', '1225', '865'), ('276', '3569', '1641', '1928', '1226', '824'), ('277', '5335', '2459', '2876', '1227', '1248'), ('278', '5739', '2769', '2970', '1228', '1031'), ('279', '4831', '2389', '2442', '1229', '812'), ('280', '6300', '3125', '3175', '1230', '950'), ('281', '6102', '3020', '3082', '1231', '892'), ('282', '6100', '3071', '3029', '1232', '928'), ('283', '4261', '2129', '2132', '1233', '690'), ('284', '4029', '1989', '2040', '1234', '613'), ('285', '6473', '3340', '3133', '1235', '893'), ('286', '5963', '2979', '2984', '1236', '858'), ('287', '4830', '2364', '2466', '1237', '841'), ('288', '3507', '1713', '1794', '1238', '620'), ('289', '6093', '2821', '3272', '1239', '1334'), ('290', '6330', '2983', '3347', '1240', '1183'), ('291', '7205', '3133', '4072', '1241', '1648'), ('292', '7492', '3229', '4263', '1242', '1593'), ('293', '5952', '2699', '3253', '1243', '1326'), ('294', '7517', '3918', '3599', '1244', '977'), ('295', '5528', '2902', '2626', '1245', '731'), ('296', '5663', '2800', '2863', '1246', '819'), ('297', '6058', '3131', '2927', '1247', '742'), ('298', '5606', '2809', '2797', '1248', '851'), ('299', '5270', '2756', '2514', '1249', '725'), ('300', '5364', '2758', '2606', '1250', '748'), ('301', '4716', '2384', '2332', '1251', '644'), ('302', '6861', '3502', '3359', '1252', '940'), ('303', '4643', '2292', '2351', '1253', '625'), ('304', '5759', '2865', '2894', '1254', '746'), ('305', '4926', '2324', '2602', '1255', '685'), ('306', '5796', '2807', '2989', '1256', '750'), ('307', '4472', '2271', '2201', '1257', '592'), ('308', '3536', '1733', '1803', '1258', '454'), ('309', '5291', '2573', '2718', '1259', '687'), ('310', '7002', '3602', '3400', '1260', '1073'), ('311', '8155', '4003', '4152', '1261', '1135'), ('312', '6883', '3472', '3411', '1262', '1024'), ('313', '4457', '2309', '2148', '1263', '591'), ('314', '7946', '4148', '3798', '1264', '972'), ('315', '4894', '2528', '2366', '1265', '706'), ('316', '6940', '3632', '3308', '1266', '862'), ('317', '4682', '2410', '2272', '1267', '678'), ('318', '4534', '2365', '2169', '1268', '616'), ('319', '6010', '3084', '2926', '1269', '889'), ('320', '3770', '1872', '1898', '1270', '540'), ('321', '6285', '3164', '3121', '1271', '840'), ('322', '6643', '3291', '3352', '1272', '964'), ('323', '7174', '3603', '3571', '1273', '1065'), ('324', '5340', '2729', '2611', '1274', '750'), ('325', '7280', '3676', '3604', '1275', '934'), ('326', '6480', '3304', '3176', '1276', '1010'), ('327', '4982', '2560', '2422', '1277', '691'), ('328', '2972', '1451', '1521', '1278', '556'), ('329', '4840', '2250', '2590', '1279', '1029'), ('330', '5199', '2618', '2581', '1280', '959'), ('331', '4929', '2440', '2489', '1281', '805'), ('332', '8163', '4072', '4091', '1282', '1205'), ('333', '5708', '2855', '2853', '1283', '916'), ('334', '5352', '2614', '2738', '1284', '873'), ('335', '5228', '2669', '2559', '1285', '707'), ('336', '6220', '3105', '3115', '1286', '935'), ('337', '6965', '3478', '3487', '1287', '1104'), ('338', '5221', '2565', '2656', '1288', '858'), ('339', '4112', '2143', '1969', '1289', '605'), ('340', '4348', '2133', '2215', '1290', '672'), ('341', '5081', '2552', '2529', '1291', '776'), ('342', '5047', '2249', '2798', '1292', '1184'), ('343', '3422', '1511', '1911', '1293', '769'), ('344', '4118', '1845', '2273', '1294', '974'), ('345', '9950', '4605', '5345', '1295', '2191'), ('346', '5953', '2803', '3150', '1296', '1245'), ('347', '5433', '2469', '2964', '1297', '1222'), ('348', '4121', '1912', '2209', '1298', '857'), ('349', '3805', '1817', '1988', '1299', '876'), ('350', '3329', '1480', '1849', '1300', '755'), ('351', '5606', '2523', '3083', '1301', '1269'), ('352', '5038', '2314', '2724', '1302', '1050'), ('353', '5195', '2668', '2527', '1303', '670'), ('354', '6264', '3153', '3111', '1304', '817'), ('355', '4765', '2422', '2343', '1305', '592'), ('356', '4387', '2225', '2162', '1306', '635'), ('357', '5399', '2831', '2568', '1307', '642'), ('358', '7249', '3771', '3478', '1308', '1051'), ('359', '5046', '2465', '2581', '1309', '713'), ('360', '5705', '2787', '2918', '1310', '1066'), ('361', '3005', '1446', '1559', '1311', '498'), ('362', '6624', '3324', '3300', '1312', '1285'), ('363', '4900', '2493', '2407', '1313', '813'), ('364', '1051', '538', '513', '1314', '193'), ('365', '9031', '4543', '4488', '1315', '1633'), ('366', '3990', '2016', '1974', '1316', '952'), ('367', '8872', '4421', '4451', '1317', '2078'), ('368', '6868', '3396', '3472', '1318', '1352'), ('369', '2932', '1495', '1437', '1319', '467'), ('370', '2387', '1204', '1183', '1320', '335'), ('371', '3967', '1972', '1995', '1321', '886'), ('372', '4151', '2038', '2113', '1322', '939'), ('373', '5514', '2678', '2836', '1323', '960'), ('374', '7634', '3795', '3839', '1324', '1125'), ('375', '4858', '2397', '2461', '1325', '746'), ('376', '5399', '2602', '2797', '1326', '986'), ('377', '3830', '1781', '2049', '1327', '783'), ('378', '5212', '2425', '2787', '1328', '1037'), ('379', '6019', '2871', '3148', '1329', '1155'), ('380', '5524', '2802', '2722', '1330', '850'), ('381', '5001', '2310', '2691', '1331', '961'), ('382', '4614', '2114', '2500', '1332', '980'), ('383', '5049', '2366', '2683', '1333', '1012'), ('384', '5004', '2341', '2663', '1334', '892'), ('385', '4318', '2089', '2229', '1335', '714'), ('386', '5128', '2630', '2498', '1336', '736'), ('387', '6253', '2904', '3349', '1337', '1453'), ('388', '5390', '2519', '2871', '1338', '1341'), ('389', '6078', '2925', '3153', '1339', '1470'), ('390', '4708', '2291', '2417', '1340', '1091'), ('391', '5100', '2469', '2631', '1341', '1271'), ('392', '6342', '2993', '3349', '1342', '1339'), ('393', '9170', '4237', '4933', '1343', '2124'), ('394', '5166', '2378', '2788', '1344', '1158'), ('395', '4902', '2343', '2559', '1345', '1189'), ('396', '4150', '1924', '2226', '1346', '846'), ('397', '8570', '3893', '4677', '1347', '1882'), ('398', '3794', '1817', '1977', '1348', '751'), ('399', '4710', '2183', '2527', '1349', '954'), ('400', '8516', '3996', '4520', '1350', '1638'), ('401', '5776', '2745', '3031', '1351', '1296'), ('402', '4558', '2138', '2420', '1352', '982'), ('403', '6966', '3423', '3543', '1353', '1172'), ('404', '5341', '2486', '2855', '1354', '1221'), ('405', '7739', '3519', '4220', '1355', '1651'), ('406', '5776', '2749', '3027', '1356', '1185'), ('407', '7703', '3528', '4175', '1357', '1775'), ('408', '5967', '2831', '3136', '1358', '1203'), ('409', '4563', '2058', '2505', '1359', '939'), ('410', '5781', '2676', '3105', '1360', '1318'), ('411', '8679', '3991', '4688', '1361', '1989'), ('412', '5732', '2561', '3171', '1362', '1279'), ('413', '8882', '4251', '4631', '1363', '1632'), ('414', '9079', '4283', '4796', '1364', '1773'), ('415', '5304', '2740', '2564', '1365', '786'), ('416', '5601', '2807', '2794', '1366', '828'), ('417', '6022', '3100', '2922', '1367', '953'), ('418', '4927', '2419', '2508', '1368', '887'), ('419', '4887', '2504', '2383', '1369', '737'), ('420', '3828', '1972', '1856', '1370', '625'), ('421', '6368', '3289', '3079', '1371', '854'), ('422', '7479', '3486', '3993', '1372', '1548'), ('423', '7743', '3672', '4071', '1373', '1658'), ('424', '4936', '2281', '2655', '1374', '971'), ('425', '5697', '2703', '2994', '1375', '1108'), ('426', '4481', '2203', '2278', '1376', '681'), ('427', '5549', '2783', '2766', '1377', '829'), ('428', '3934', '2036', '1898', '1378', '562'), ('429', '6774', '3371', '3403', '1379', '1093'), ('430', '9330', '4437', '4893', '1380', '1765'), ('431', '9026', '4611', '4415', '1381', '1306'), ('432', '8429', '4226', '4203', '1382', '1501'), ('433', '6626', '3286', '3340', '1383', '1159'), ('434', '8747', '4397', '4350', '1384', '1525'), ('435', '6626', '3295', '3331', '1385', '945'), ('436', '4733', '2411', '2322', '1386', '683'), ('437', '8310', '4131', '4179', '1387', '1316'), ('438', '4879', '2465', '2414', '1388', '667'), ('439', '6721', '3420', '3301', '1389', '938'), ('440', '5955', '2849', '3106', '1390', '1087'), ('441', '5280', '2586', '2694', '1391', '854'), ('442', '5968', '2878', '3090', '1392', '851'), ('443', '4120', '2141', '1979', '1393', '568'), ('444', '6548', '3415', '3133', '1394', '981'), ('445', '5770', '3000', '2770', '1395', '821'), ('446', '4031', '2122', '1909', '1396', '517'), ('447', '4046', '2120', '1926', '1397', '603'), ('448', '3149', '1577', '1572', '1398', '430'), ('449', '5007', '2516', '2491', '1399', '653'), ('450', '5182', '2631', '2551', '1400', '677'), ('451', '7134', '3662', '3472', '1401', '966'), ('452', '5748', '3018', '2730', '1402', '766'), ('453', '5301', '2726', '2575', '1403', '685'), ('454', '4555', '2386', '2169', '1404', '637'), ('455', '5889', '3126', '2763', '1405', '785'), ('456', '5882', '3079', '2803', '1406', '871'), ('457', '6199', '3113', '3086', '1407', '916'), ('458', '4225', '2144', '2081', '1408', '637'), ('459', '3371', '1748', '1623', '1409', '488'), ('460', '4238', '2210', '2028', '1410', '606'), ('461', '4878', '2516', '2362', '1411', '759'), ('462', '4972', '2524', '2448', '1412', '686'), ('463', '4638', '2344', '2294', '1413', '662'), ('464', '6785', '3461', '3324', '1414', '953'), ('465', '4841', '2517', '2324', '1415', '676'), ('466', '4771', '2466', '2305', '1416', '723'), ('467', '7293', '3546', '3747', '1271', '1102'), ('468', '6908', '3560', '3348', '1272', '792'), ('469', '6762', '3394', '3368', '1273', '920'), ('470', '5648', '2847', '2801', '1274', '722'), ('471', '5356', '2708', '2648', '1275', '760'), ('472', '5561', '2831', '2730', '1276', '716'), ('473', '4827', '2424', '2403', '1277', '688'), ('474', '5863', '2888', '2975', '1278', '807'), ('475', '7599', '3696', '3903', '1417', '1415'), ('476', '4311', '2050', '2261', '1418', '771'), ('477', '7016', '3429', '3587', '1419', '1243'), ('478', '6322', '3218', '3104', '1420', '977'), ('479', '10160', '5024', '5136', '1421', '1929'), ('480', '6131', '3192', '2939', '1422', '911'), ('481', '3392', '1722', '1670', '1423', '443'), ('482', '5057', '2617', '2440', '1424', '752'), ('483', '6350', '2956', '3394', '1425', '1151'), ('484', '3930', '2027', '1903', '1426', '582'), ('485', '6513', '3230', '3283', '1427', '1076'), ('486', '8047', '3873', '4174', '1330', '1277'), ('487', '6940', '3421', '3519', '1331', '960'), ('488', '7092', '3538', '3554', '1332', '1055'), ('489', '4648', '2412', '2236', '1333', '595'), ('490', '8656', '4568', '4088', '1334', '1097'), ('491', '9818', '4921', '4897', '1335', '1362'), ('492', '4704', '2425', '2279', '1428', '654'), ('493', '4339', '2110', '2229', '1429', '600'), ('494', '3248', '1639', '1609', '1430', '458'), ('495', '4342', '2172', '2170', '1431', '557'), ('496', '5533', '2790', '2743', '1432', '753'), ('497', '5088', '2594', '2494', '1433', '735'), ('498', '6017', '3110', '2907', '1434', '852'), ('499', '5681', '2854', '2827', '1435', '804'), ('500', '3952', '1701', '2251', '1436', '907'), ('501', '2816', '1276', '1540', '1437', '661'), ('502', '2900', '1227', '1673', '1438', '687'), ('503', '2937', '1242', '1695', '1439', '704'), ('504', '2263', '971', '1292', '1440', '501'), ('505', '3279', '1384', '1895', '1441', '800'), ('506', '3997', '1654', '2343', '1442', '959'), ('507', '2493', '1061', '1432', '1443', '643'), ('508', '4199', '1796', '2403', '1444', '1009'), ('509', '3804', '1623', '2181', '1445', '856'), ('510', '3151', '1324', '1827', '1446', '754'), ('511', '2001', '822', '1179', '1447', '491'), ('512', '3213', '1322', '1891', '1448', '790'), ('513', '3242', '1304', '1938', '1449', '863'), ('514', '2634', '1040', '1594', '1450', '676'), ('515', '3680', '1497', '2183', '1451', '909'), ('516', '3858', '1620', '2238', '1452', '962'), ('517', '3556', '1442', '2114', '1453', '896'), ('518', '2023', '831', '1192', '1454', '520'), ('519', '2414', '1011', '1403', '1455', '605'), ('520', '3434', '1414', '2020', '1456', '900'), ('521', '4356', '1796', '2560', '1457', '1094'), ('522', '4410', '1869', '2541', '1458', '1076'), ('523', '3527', '1529', '1998', '1459', '797'), ('524', '2269', '971', '1298', '1460', '562'), ('525', '2341', '1038', '1303', '1461', '550'), ('526', '3270', '1410', '1860', '1462', '720'), ('527', '2363', '979', '1384', '1463', '557'), ('528', '3682', '1564', '2118', '1464', '800'), ('529', '3474', '1498', '1976', '1465', '869'), ('530', '3147', '1308', '1839', '1466', '746'), ('531', '4288', '1855', '2433', '1467', '955'), ('532', '1843', '769', '1074', '1468', '426'), ('533', '3871', '1580', '2291', '1469', '935'), ('534', '3756', '1591', '2165', '1470', '864'), ('535', '6976', '3435', '3541', '1471', '2062'), ('536', '5227', '2557', '2670', '1472', '1382'), ('537', '1622', '674', '948', '1473', '377'), ('538', '2725', '1100', '1625', '1474', '685'), ('539', '2569', '1106', '1463', '1475', '653'), ('540', '3636', '1570', '2066', '1476', '896'), ('541', '3225', '1418', '1807', '1477', '797'), ('542', '3246', '1349', '1897', '1478', '838'), ('543', '2742', '1163', '1579', '1479', '684'), ('544', '2573', '1108', '1465', '1480', '634'), ('545', '3520', '1527', '1993', '1481', '825'), ('546', '3018', '1255', '1763', '1482', '748'), ('547', '2833', '1249', '1584', '1483', '617'), ('548', '3836', '1654', '2182', '1484', '877'), ('549', '2492', '1086', '1406', '1485', '593'), ('550', '3617', '1671', '1946', '1486', '819'), ('551', '3157', '1476', '1681', '1487', '689'), ('552', '3490', '1647', '1843', '1488', '746'), ('553', '3386', '1554', '1832', '1489', '667'), ('554', '2756', '1238', '1518', '1490', '575'), ('555', '3082', '1425', '1657', '1491', '572'), ('556', '2719', '1295', '1424', '1492', '549'), ('557', '2883', '1400', '1483', '1493', '544'), ('558', '3012', '1382', '1630', '1494', '669'), ('559', '2597', '1226', '1371', '1495', '552'), ('560', '3513', '1666', '1847', '1496', '732'), ('561', '4534', '2080', '2454', '1497', '838'), ('562', '4205', '1767', '2438', '1498', '883'), ('563', '3472', '1526', '1946', '1499', '692'), ('564', '2855', '1237', '1618', '1500', '580'), ('565', '3351', '1380', '1971', '1501', '734'), ('566', '3975', '1675', '2300', '1502', '923'), ('567', '2610', '1243', '1367', '1503', '430'), ('568', '3041', '1338', '1703', '1504', '470'), ('569', '5093', '2282', '2811', '1505', '845'), ('570', '5135', '2293', '2842', '1506', '1087'), ('571', '3256', '1483', '1773', '1507', '706'), ('572', '2930', '1333', '1597', '1508', '541'), ('573', '3356', '1423', '1933', '1509', '706'), ('574', '3556', '1498', '2058', '1510', '768'), ('575', '2850', '1182', '1668', '1511', '611'), ('576', '3205', '1386', '1819', '1512', '663'), ('577', '3151', '1398', '1753', '1513', '687'), ('578', '2991', '1398', '1593', '1514', '617'), ('579', '4323', '1843', '2480', '1515', '937'), ('580', '4902', '2082', '2820', '1516', '1007'), ('581', '2953', '1330', '1623', '1517', '578'), ('582', '2834', '1199', '1635', '1518', '592'), ('583', '2979', '1276', '1703', '1519', '640'), ('584', '4255', '1739', '2516', '1520', '998'), ('585', '5100', '2284', '2816', '1521', '1358'), ('586', '2518', '1046', '1472', '1522', '532'), ('587', '2889', '1265', '1624', '1523', '573'), ('588', '3118', '1373', '1745', '1524', '606'), ('589', '3462', '1496', '1966', '1525', '760'), ('590', '3155', '1364', '1791', '1526', '604'), ('591', '2434', '1079', '1355', '1527', '525'), ('592', '3584', '1614', '1970', '1528', '636'), ('593', '3545', '1646', '1899', '1529', '588'), ('594', '2874', '1279', '1595', '1530', '525'), ('595', '3103', '1393', '1710', '1531', '622'), ('596', '4757', '2166', '2591', '1532', '882'), ('597', '4669', '2019', '2650', '1533', '1019'), ('598', '3007', '1298', '1709', '1534', '597'), ('599', '4753', '2205', '2548', '1535', '940'), ('600', '3556', '1480', '2076', '1536', '839'), ('601', '4090', '1673', '2417', '1537', '977'), ('602', '3993', '1706', '2287', '1538', '937'), ('603', '5129', '2362', '2767', '1539', '1286'), ('604', '4301', '1889', '2412', '1540', '898'), ('605', '3230', '1451', '1779', '1541', '697'), ('606', '2982', '1331', '1651', '1542', '743'), ('607', '4883', '2234', '2649', '1543', '1132'), ('608', '3068', '1306', '1762', '1544', '720'), ('609', '3217', '1381', '1836', '1545', '735'), ('610', '3197', '1428', '1769', '1546', '655'), ('611', '3410', '1531', '1879', '1547', '665'), ('612', '3440', '1516', '1924', '1548', '634'), ('613', '3064', '1381', '1683', '1549', '530'), ('614', '2498', '1101', '1397', '1550', '451'), ('615', '3018', '1352', '1666', '1551', '549'), ('616', '3439', '1475', '1964', '1552', '655'), ('617', '4887', '2132', '2755', '1553', '1058'), ('618', '3868', '1593', '2275', '1554', '925'), ('619', '3408', '1397', '2011', '1555', '823'), ('620', '3594', '1409', '2185', '1556', '850'), ('621', '2786', '1145', '1641', '1557', '613'), ('622', '2962', '1178', '1784', '1558', '705'), ('623', '2423', '978', '1445', '1559', '596'), ('624', '3573', '1478', '2095', '1560', '743'), ('625', '2989', '1310', '1679', '1561', '587'), ('626', '4650', '2072', '2578', '1562', '952'), ('627', '3098', '1398', '1700', '1563', '593'), ('628', '4333', '1883', '2450', '1564', '823'), ('629', '3527', '1587', '1940', '1565', '653'), ('630', '2181', '1029', '1152', '1566', '410'), ('631', '4567', '2027', '2540', '1567', '867'), ('632', '3865', '1670', '2195', '1568', '798'), ('633', '2696', '1203', '1493', '1569', '506'), ('634', '3261', '1419', '1842', '1570', '602'), ('635', '3031', '1350', '1681', '1571', '555'), ('636', '3815', '1722', '2093', '1572', '650'), ('637', '2396', '1113', '1283', '1573', '424'), ('638', '4377', '2045', '2332', '1574', '831'), ('639', '2130', '962', '1168', '1575', '471'), ('640', '2892', '1331', '1561', '1576', '590'), ('641', '2288', '1019', '1269', '1577', '458'), ('642', '4065', '1884', '2181', '1578', '799'), ('643', '2234', '950', '1284', '1579', '509'), ('644', '3234', '1449', '1785', '1580', '672'), ('645', '3748', '1738', '2010', '1581', '950'), ('646', '2271', '965', '1306', '1582', '485'), ('647', '4224', '2018', '2206', '1583', '1148'), ('648', '2443', '1051', '1392', '1584', '468'), ('649', '3277', '1451', '1826', '1585', '706'), ('650', '2555', '1121', '1434', '1586', '560'), ('651', '2241', '1003', '1238', '1587', '466'), ('652', '3865', '1665', '2200', '1588', '784'), ('653', '4901', '2283', '2618', '1589', '894'), ('654', '3513', '1474', '2039', '1590', '723'), ('655', '2316', '984', '1332', '1591', '479'), ('656', '2721', '1217', '1504', '1592', '510'), ('657', '2307', '1030', '1277', '1593', '481'), ('658', '4129', '1781', '2348', '1594', '883'), ('659', '4537', '2076', '2461', '1595', '931'), ('660', '3140', '1397', '1743', '1596', '592'), ('661', '2376', '1151', '1225', '1597', '470'), ('662', '2890', '1343', '1547', '1598', '615'), ('663', '3205', '1379', '1826', '1599', '685'), ('664', '4168', '1757', '2411', '1600', '910'), ('665', '3779', '1775', '2004', '1601', '789'), ('666', '3729', '1741', '1988', '1602', '772'), ('667', '2917', '1367', '1550', '1603', '547'), ('668', '2945', '1265', '1680', '1604', '613'), ('669', '3404', '1598', '1806', '1605', '625'), ('670', '4066', '1833', '2233', '1606', '716'), ('671', '1873', '850', '1023', '1607', '327'), ('672', '2732', '1244', '1488', '1608', '523'), ('673', '3086', '1360', '1726', '1609', '580'), ('674', '3195', '1502', '1693', '1610', '520'), ('675', '2972', '1400', '1572', '1611', '492'), ('676', '3548', '1649', '1899', '1612', '554'), ('677', '2603', '1212', '1391', '1613', '459'), ('678', '1972', '921', '1051', '1607', '374'), ('679', '2012', '906', '1106', '1608', '383'), ('680', '1994', '937', '1057', '1609', '404'), ('681', '1720', '796', '924', '1610', '319'), ('682', '3020', '1418', '1602', '1611', '580'), ('683', '2420', '1075', '1345', '1612', '446'), ('684', '2896', '1381', '1515', '1613', '510'), ('685', '1912', '892', '1020', '1614', '417'), ('686', '2486', '1150', '1336', '1615', '520'), ('687', '2513', '1108', '1405', '1616', '494'), ('688', '1885', '917', '968', '1617', '346'), ('689', '2085', '968', '1117', '1618', '395'), ('690', '2365', '1116', '1249', '1619', '453'), ('691', '4548', '2155', '2393', '1620', '880'), ('692', '2684', '1271', '1413', '1621', '545'), ('693', '3630', '1700', '1930', '1622', '705'), ('694', '2833', '1337', '1496', '1623', '573'), ('695', '2336', '1067', '1269', '1624', '446'), ('696', '4561', '2083', '2478', '1625', '938'), ('697', '2440', '1108', '1332', '1626', '542'), ('698', '2253', '1046', '1207', '1627', '466'), ('699', '2442', '1117', '1325', '1628', '512'), ('700', '1296', '598', '698', '1629', '271'), ('701', '1265', '562', '703', '1630', '272'), ('702', '1837', '834', '1003', '1631', '371'), ('703', '1516', '708', '808', '1632', '320'), ('704', '2426', '1101', '1325', '1633', '472'), ('705', '3114', '1369', '1745', '1634', '609'), ('706', '1433', '680', '753', '1635', '299'), ('707', '926', '474', '452', '1636', '186'), ('708', '646', '311', '335', '1637', '133'), ('709', '772', '407', '365', '1638', '156'), ('710', '1523', '736', '787', '1639', '332'), ('711', '625', '295', '330', '1640', '143'), ('712', '814', '410', '404', '1641', '167'), ('713', '1252', '613', '639', '1642', '227'), ('714', '1018', '525', '493', '1643', '184'), ('715', '2143', '967', '1176', '1644', '534'), ('716', '1555', '703', '852', '1645', '368'), ('717', '2050', '912', '1138', '1646', '486'), ('718', '1077', '487', '590', '1647', '221'), ('719', '2098', '992', '1106', '1648', '425'), ('720', '1877', '956', '921', '1649', '372'), ('721', '1802', '866', '936', '1650', '359'), ('722', '1659', '771', '888', '1651', '353'), ('723', '2674', '1272', '1402', '1652', '563'), ('724', '2474', '1135', '1339', '1653', '566'), ('725', '2413', '1143', '1270', '1654', '550'), ('726', '1360', '628', '732', '1655', '296'), ('727', '2238', '1119', '1119', '1656', '447'), ('728', '4276', '2063', '2213', '1657', '860'), ('729', '3451', '1562', '1889', '1658', '711'), ('730', '2846', '1233', '1613', '1659', '628'), ('731', '3835', '1717', '2118', '1660', '850'), ('732', '4992', '2264', '2728', '1661', '1074'), ('733', '4195', '1901', '2294', '1662', '992'), ('734', '3874', '1789', '2085', '1663', '830'), ('735', '2427', '1002', '1425', '1664', '540'), ('736', '2114', '972', '1142', '1665', '435'), ('737', '3536', '1507', '2029', '1666', '769'), ('738', '3383', '1468', '1915', '1667', '704'), ('739', '3108', '1399', '1709', '1668', '542'), ('740', '2943', '1292', '1651', '1669', '574'), ('741', '3436', '1634', '1802', '1670', '610'), ('742', '3298', '1605', '1693', '1671', '556'), ('743', '2646', '1192', '1454', '1672', '537'), ('744', '2647', '1219', '1428', '1673', '582'), ('745', '3170', '1476', '1694', '1674', '632'), ('746', '2776', '1342', '1434', '1675', '526'), ('747', '3260', '1565', '1695', '1676', '659'), ('748', '3759', '1663', '2096', '1677', '805'), ('749', '3226', '1526', '1700', '1678', '714'), ('750', '5890', '2700', '3190', '1679', '1154'), ('751', '4867', '2395', '2472', '1680', '856'), ('752', '4565', '2236', '2329', '1681', '863'), ('753', '5128', '2500', '2628', '1682', '951'), ('754', '5844', '2866', '2978', '1683', '1080'), ('755', '6446', '3043', '3403', '1684', '1260'), ('756', '4984', '2350', '2634', '1685', '916'), ('757', '868', '399', '469', '1686', '187'), ('758', '5086', '2159', '2927', '1687', '1139'), ('759', '7542', '3382', '4160', '1688', '1559'), ('760', '6769', '3118', '3651', '1689', '1405'), ('761', '6956', '3190', '3766', '1690', '1527'), ('762', '6851', '3077', '3774', '1691', '1562'), ('763', '5483', '2516', '2967', '1692', '1144'), ('764', '6618', '3031', '3587', '1693', '1309'), ('765', '6658', '3001', '3657', '1694', '1422'), ('766', '7434', '3385', '4049', '1695', '1589'), ('767', '10049', '4585', '5464', '1696', '2239'), ('768', '7133', '3215', '3918', '1697', '1522'), ('769', '9909', '4431', '5478', '1698', '2179'), ('770', '7224', '3276', '3948', '1699', '1649'), ('771', '11181', '5337', '5844', '1700', '2708'), ('772', '19757', '9799', '9958', '1701', '5607'), ('773', '6101', '2888', '3213', '1702', '1278'), ('774', '9300', '4459', '4841', '1703', '2037'), ('775', '9365', '4351', '5014', '1704', '2206'), ('776', '6748', '3129', '3619', '1705', '1338'), ('777', '4563', '2128', '2435', '1706', '984'), ('778', '5880', '2922', '2958', '1707', '1032'), ('779', '6620', '3191', '3429', '1708', '1257'), ('780', '5035', '2417', '2618', '1709', '991'), ('781', '7173', '3417', '3756', '1710', '1644'), ('782', '5014', '2370', '2644', '1711', '1023'), ('783', '4774', '2323', '2451', '1712', '927'), ('784', '5108', '2464', '2644', '1713', '882'), ('785', '3488', '1666', '1822', '1714', '692'), ('786', '3871', '1739', '2132', '1715', '766'), ('787', '4076', '1972', '2104', '1716', '770'), ('788', '3298', '1698', '1600', '1717', '519'), ('789', '2860', '1468', '1392', '1718', '459'), ('790', '3170', '1617', '1553', '1719', '515'), ('791', '2692', '1309', '1383', '1720', '476'), ('792', '5070', '2448', '2622', '1721', '968'), ('793', '5663', '2693', '2970', '1722', '1318'), ('794', '5098', '2449', '2649', '1723', '1055'), ('795', '5371', '2642', '2729', '1724', '1057'), ('796', '5257', '2452', '2805', '1725', '1045'), ('797', '5159', '2432', '2727', '1726', '1018'), ('798', '4550', '2189', '2361', '1727', '732'), ('799', '4031', '1953', '2078', '1728', '753'), ('800', '3930', '1874', '2056', '1729', '756'), ('801', '1705', '779', '926', '1730', '321'), ('802', '3117', '1454', '1663', '1731', '656'), ('803', '4670', '2224', '2446', '1732', '939'), ('804', '4334', '1951', '2383', '1733', '992'), ('805', '3649', '1584', '2065', '1734', '808'), ('806', '2786', '1303', '1483', '1735', '552'), ('807', '3141', '1439', '1702', '1736', '645'), ('808', '3506', '1640', '1866', '1737', '736'), ('809', '4361', '1962', '2399', '1738', '993'), ('810', '4312', '2089', '2223', '1739', '905'), ('811', '7479', '3494', '3985', '1740', '1663'), ('812', '8126', '3647', '4479', '1741', '1816'), ('813', '11648', '5761', '5887', '1742', '2786'), ('814', '12969', '6301', '6668', '1743', '3313'), ('815', '10817', '5005', '5812', '1744', '2425'), ('816', '5641', '2748', '2893', '1745', '1229'), ('817', '4925', '2340', '2585', '1746', '1169'), ('818', '6497', '3017', '3480', '1747', '1347'), ('819', '8661', '4061', '4600', '1748', '1794'), ('820', '8838', '4247', '4591', '1749', '1771'), ('821', '5489', '2522', '2967', '1750', '1227'), ('822', '6040', '2781', '3259', '1751', '1266'), ('823', '6939', '3178', '3761', '1752', '1469'), ('824', '7603', '3554', '4049', '1753', '1535'), ('825', '7261', '3372', '3889', '1754', '1553'), ('826', '7671', '3676', '3995', '1755', '1657'), ('827', '6251', '2920', '3331', '1756', '1325'), ('828', '6789', '3168', '3621', '1757', '1324'), ('829', '7117', '3279', '3838', '1758', '1473'), ('830', '5986', '2786', '3200', '1759', '1192'), ('831', '6499', '3066', '3433', '1760', '1368'), ('832', '8532', '4058', '4474', '1761', '1727'), ('833', '7440', '3394', '4046', '1762', '1587'), ('834', '2820', '1320', '1500', '1763', '569'), ('835', '9235', '4301', '4934', '1764', '1826'), ('836', '6290', '3315', '2975', '1765', '1115'), ('837', '8141', '4310', '3831', '1766', '1456'), ('838', '6202', '3187', '3015', '1767', '977'), ('839', '4492', '2297', '2195', '1768', '718'), ('840', '5361', '2491', '2870', '1769', '1123'), ('841', '6974', '3677', '3297', '1770', '1201'), ('842', '6431', '3328', '3103', '1771', '1019'), ('843', '5318', '2736', '2582', '1772', '944'), ('844', '9845', '5090', '4755', '1773', '1833'), ('845', '5151', '2568', '2583', '1774', '989'), ('846', '5289', '2712', '2577', '1775', '909'), ('847', '5805', '2999', '2806', '1776', '1030'), ('848', '3555', '1535', '2020', '1777', '756'), ('849', '8626', '3700', '4926', '1778', '2003'), ('850', '6914', '3136', '3778', '1779', '1499'), ('851', '5757', '2505', '3252', '1780', '1341'), ('852', '6026', '2928', '3098', '1781', '1074'), ('853', '5485', '2643', '2842', '1782', '1075'), ('854', '8156', '4004', '4152', '1783', '1412'), ('855', '6442', '3053', '3389', '1784', '1128'), ('856', '2907', '1327', '1580', '1785', '622'), ('857', '8863', '4179', '4684', '1786', '2006'), ('858', '4090', '2018', '2072', '1787', '806'), ('859', '2535', '1231', '1304', '1788', '456'), ('860', '4795', '2241', '2554', '1789', '1145'), ('861', '2968', '1478', '1490', '1790', '627'), ('862', '2434', '1222', '1212', '1791', '425'), ('863', '3279', '1611', '1668', '1792', '667'), ('864', '2747', '1353', '1394', '1793', '529'), ('865', '6140', '2924', '3216', '1794', '1391'), ('866', '10527', '5235', '5292', '1795', '2808'), ('867', '6904', '3245', '3659', '1796', '1530'), ('868', '3988', '1859', '2129', '1797', '823'), ('869', '3987', '1962', '2025', '1798', '811'), ('870', '4483', '2227', '2256', '1799', '837'), ('871', '5628', '2832', '2796', '1800', '934'), ('872', '5609', '2859', '2750', '1801', '831'), ('873', '4689', '2410', '2279', '1802', '709'), ('874', '5106', '2674', '2432', '1803', '859'), ('875', '7740', '4073', '3667', '1804', '1400'), ('876', '6170', '3130', '3040', '1805', '1175'), ('877', '8255', '4190', '4065', '1806', '1862'), ('878', '5862', '2952', '2910', '1807', '1156'), ('879', '3933', '2026', '1907', '1808', '591'), ('880', '9950', '5056', '4894', '1809', '1987'), ('881', '4922', '2509', '2413', '1810', '872'), ('882', '4285', '2182', '2103', '1811', '841'), ('883', '3393', '1770', '1623', '1812', '613'), ('884', '4223', '2170', '2053', '1813', '712'), ('885', '4420', '2287', '2133', '1814', '1111'), ('886', '7959', '4167', '3792', '1815', '2152'), ('887', '5871', '3070', '2801', '1816', '1020'), ('888', '6773', '3441', '3332', '1817', '1650'), ('889', '6324', '3290', '3034', '1818', '1292'), ('890', '4326', '2277', '2049', '1819', '738'), ('891', '5455', '2802', '2653', '1820', '1015'), ('892', '6567', '3359', '3208', '1821', '964'), ('893', '5983', '3068', '2915', '1822', '1162'), ('894', '8910', '4540', '4370', '1823', '1956'), ('895', '6830', '3359', '3471', '1824', '1349'), ('896', '12233', '6036', '6197', '1825', '2597'), ('897', '6264', '3174', '3090', '1826', '1122'), ('898', '4724', '2416', '2308', '1827', '889'), ('899', '1489', '736', '753', '1828', '241'), ('900', '5313', '2531', '2782', '1829', '1187'), ('901', '8858', '4240', '4618', '1830', '1703'), ('902', '5018', '2353', '2665', '1831', '744'), ('903', '7212', '3400', '3812', '1832', '1162'), ('904', '7332', '3514', '3818', '1833', '1204'), ('905', '7407', '3484', '3923', '1834', '1193'), ('906', '9560', '4804', '4756', '1835', '1646'), ('907', '4441', '1979', '2462', '1836', '989'), ('908', '4805', '2312', '2493', '1837', '914'), ('909', '5550', '2386', '3164', '1838', '1255'), ('910', '5989', '2687', '3302', '1839', '1346'), ('911', '6095', '2853', '3242', '1840', '1221'), ('912', '4882', '2343', '2539', '1841', '1006'), ('913', '4456', '2172', '2284', '1842', '871'), ('914', '5467', '2544', '2923', '1843', '1132'), ('915', '5206', '2505', '2701', '1844', '1023'), ('916', '5666', '2549', '3117', '1845', '1288'), ('917', '4557', '2257', '2300', '1846', '1191'), ('918', '5430', '2526', '2904', '1847', '1189'), ('919', '2772', '1344', '1428', '1848', '578'), ('920', '7366', '3577', '3789', '1849', '1468'), ('921', '7938', '3709', '4229', '1850', '1544'), ('922', '6183', '2903', '3280', '1851', '1385'), ('923', '6965', '3291', '3674', '1852', '1249'), ('924', '4517', '2176', '2341', '1853', '780'), ('925', '7138', '3278', '3860', '1854', '1521'), ('926', '7566', '3498', '4068', '1855', '1496'), ('927', '5877', '2853', '3024', '1856', '1318'), ('928', '5275', '2528', '2747', '1857', '955'), ('929', '6530', '3190', '3340', '1858', '1288'), ('930', '6822', '3317', '3505', '1859', '1135'), ('931', '5485', '2632', '2853', '1860', '1025'), ('932', '5821', '2737', '3084', '1861', '1244'), ('933', '6284', '2868', '3416', '1862', '1300'), ('934', '5977', '2759', '3218', '1863', '1184'), ('935', '6859', '3295', '3564', '1864', '1357'), ('936', '7114', '3532', '3582', '1865', '1436'), ('937', '5968', '2962', '3006', '1866', '1026'), ('938', '5088', '2394', '2694', '1867', '904'), ('939', '4848', '2272', '2576', '1868', '829'), ('940', '4819', '2287', '2532', '1869', '832'), ('941', '6814', '3234', '3580', '1870', '1166'), ('942', '6945', '3227', '3718', '1871', '1236'), ('943', '6357', '3020', '3337', '1872', '1168'), ('944', '6090', '2976', '3114', '1873', '1171'), ('945', '4605', '2273', '2332', '1874', '1027'), ('946', '4877', '2522', '2355', '1875', '889'), ('947', '7796', '3752', '4044', '1876', '1697'), ('948', '4860', '2362', '2498', '1877', '1043'), ('949', '5030', '2511', '2519', '1878', '1118'), ('950', '4418', '2277', '2141', '1879', '924'), ('951', '5437', '2763', '2674', '1880', '1019'), ('952', '6426', '3327', '3099', '1881', '1247'), ('953', '6208', '3209', '2999', '1882', '1085'), ('954', '5765', '2961', '2804', '1883', '946'), ('955', '5167', '2494', '2673', '1884', '898'), ('956', '5385', '2559', '2826', '1885', '973'), ('957', '4562', '2194', '2368', '1886', '788'), ('958', '4151', '1964', '2187', '1887', '807'), ('959', '5908', '2863', '3045', '1888', '1091'), ('960', '5474', '2437', '3037', '1889', '1230'), ('961', '4611', '2069', '2542', '1890', '1063'), ('962', '5753', '2522', '3231', '1891', '1267'), ('963', '5342', '2439', '2903', '1892', '1283'), ('964', '5251', '2456', '2795', '1893', '1067'), ('965', '5821', '2761', '3060', '1894', '1088'), ('966', '5783', '2777', '3006', '1895', '1032'), ('967', '5834', '2823', '3011', '1896', '1005'), ('968', '7356', '3616', '3740', '1897', '1751'), ('969', '6881', '3415', '3466', '1898', '1217'), ('970', '6148', '2967', '3181', '1899', '1093'), ('971', '3930', '1953', '1977', '1900', '672'), ('972', '5724', '2741', '2983', '1901', '1003'), ('973', '4961', '2379', '2582', '1902', '868'), ('974', '7115', '3489', '3626', '1903', '1187'), ('975', '5379', '2662', '2717', '1904', '1128'), ('976', '6444', '3012', '3432', '1905', '1257'), ('977', '6157', '2850', '3307', '1906', '1200'), ('978', '4500', '2165', '2335', '1907', '862'), ('979', '5358', '2503', '2855', '1908', '1005'), ('980', '3874', '1726', '2148', '1909', '783'), ('981', '3832', '1852', '1980', '1910', '679'), ('982', '3767', '1674', '2093', '1911', '701'), ('983', '5005', '2320', '2685', '1912', '1037');
COMMIT;

-- ----------------------------
--  Table structure for `ward`
-- ----------------------------
DROP TABLE IF EXISTS `ward`;
CREATE TABLE `ward` (
  `id` int(11) NOT NULL AUTO_INCREMENT,
  `title` varchar(255) NOT NULL,
  `municipality_id` int(11) NOT NULL,
  PRIMARY KEY (`id`),
  KEY `municipality_id` (`municipality_id`),
  CONSTRAINT `ward_ibfk_1` FOREIGN KEY (`municipality_id`) REFERENCES `municipality` (`id`)
) ENGINE=InnoDB AUTO_INCREMENT=1913 DEFAULT CHARSET=latin1;

-- ----------------------------
--  Records of `ward`
-- ----------------------------
BEGIN;
INSERT INTO `ward` VALUES ('957', '1', '108'), ('958', '2', '108'), ('959', '3', '108'), ('960', '4', '108'), ('961', '5', '108'), ('962', '6', '108'), ('963', '7', '108'), ('964', '8', '108'), ('965', '1', '109'), ('966', '2', '109'), ('967', '3', '109'), ('968', '4', '109'), ('969', '5', '109'), ('970', '6', '109'), ('971', '1', '110'), ('972', '2', '110'), ('973', '3', '110'), ('974', '4', '110'), ('975', '5', '110'), ('976', '6', '110'), ('977', '7', '110'), ('978', '1', '111'), ('979', '2', '111'), ('980', '3', '111'), ('981', '4', '111'), ('982', '5', '111'), ('983', '6', '111'), ('984', '7', '111'), ('985', '1', '112'), ('986', '2', '112'), ('987', '3', '112'), ('988', '4', '112'), ('989', '5', '112'), ('990', '6', '112'), ('991', '1', '113'), ('992', '2', '113'), ('993', '3', '113'), ('994', '4', '113'), ('995', '5', '113'), ('996', '6', '113'), ('997', '7', '113'), ('998', '1', '114'), ('999', '2', '114'), ('1000', '3', '114'), ('1001', '4', '114'), ('1002', '5', '114'), ('1003', '6', '114'), ('1004', '7', '114'), ('1005', '1', '115'), ('1006', '2', '115'), ('1007', '3', '115'), ('1008', '4', '115'), ('1009', '5', '115'), ('1010', '6', '115'), ('1011', '7', '115'), ('1012', '8', '115'), ('1013', '1', '116'), ('1014', '2', '116'), ('1015', '3', '116'), ('1016', '4', '116'), ('1017', '5', '116'), ('1018', '6', '116'), ('1019', '7', '116'), ('1020', '8', '116'), ('1021', '9', '116'), ('1022', '1', '117'), ('1023', '2', '117'), ('1024', '3', '117'), ('1025', '4', '117'), ('1026', '5', '117'), ('1027', '6', '117'), ('1028', '7', '117'), ('1029', '8', '117'), ('1030', '9', '117'), ('1031', '10', '117'), ('1032', '11', '117'), ('1033', '12', '117'), ('1034', '13', '117'), ('1035', '14', '117'), ('1036', '1', '118'), ('1037', '2', '118'), ('1038', '3', '118'), ('1039', '4', '118'), ('1040', '5', '118'), ('1041', '6', '118'), ('1042', '7', '118'), ('1043', '8', '118'), ('1044', '1', '119'), ('1045', '2', '119'), ('1046', '3', '119'), ('1047', '4', '119'), ('1048', '5', '119'), ('1049', '6', '119'), ('1050', '7', '119'), ('1051', '8', '119'), ('1052', '9', '119'), ('1053', '1', '120'), ('1054', '2', '120'), ('1055', '3', '120'), ('1056', '4', '120'), ('1057', '5', '120'), ('1058', '6', '120'), ('1059', '7', '120'), ('1060', '8', '120'), ('1061', '1', '121'), ('1062', '2', '121'), ('1063', '3', '121'), ('1064', '4', '121'), ('1065', '5', '121'), ('1066', '6', '121'), ('1067', '7', '121'), ('1068', '1', '122'), ('1069', '2', '122'), ('1070', '3', '122'), ('1071', '4', '122'), ('1072', '5', '122'), ('1073', '6', '122'), ('1074', '1', '123'), ('1075', '2', '123'), ('1076', '3', '123'), ('1077', '4', '123'), ('1078', '5', '123'), ('1079', '6', '123'), ('1080', '7', '123'), ('1081', '8', '123'), ('1082', '1', '124'), ('1083', '2', '124'), ('1084', '3', '124'), ('1085', '4', '124'), ('1086', '5', '124'), ('1087', '1', '125'), ('1088', '2', '125'), ('1089', '3', '125'), ('1090', '4', '125'), ('1091', '5', '125'), ('1092', '6', '125'), ('1093', '7', '125'), ('1094', '8', '125'), ('1095', '9', '125'), ('1096', '10', '125'), ('1097', '1', '126'), ('1098', '2', '126'), ('1099', '3', '126'), ('1100', '4', '126'), ('1101', '5', '126'), ('1102', '6', '126'), ('1103', '7', '126'), ('1104', '8', '126'), ('1105', '1', '127'), ('1106', '2', '127'), ('1107', '3', '127'), ('1108', '4', '127'), ('1109', '5', '127'), ('1110', '6', '127'), ('1111', '7', '127'), ('1112', '8', '127'), ('1113', '9', '127'), ('1114', '10', '127'), ('1115', '11', '127'), ('1116', '12', '127'), ('1117', '13', '127'), ('1118', '14', '127'), ('1119', '1', '128'), ('1120', '2', '128'), ('1121', '3', '128'), ('1122', '4', '128'), ('1123', '5', '128'), ('1124', '6', '128'), ('1125', '1', '129'), ('1126', '2', '129'), ('1127', '3', '129'), ('1128', '4', '129'), ('1129', '5', '129'), ('1130', '6', '129'), ('1131', '7', '129'), ('1132', '8', '129'), ('1133', '9', '129'), ('1134', '10', '129'), ('1135', '11', '129'), ('1136', '12', '129'), ('1137', '13', '129'), ('1138', '14', '129'), ('1139', '15', '129'), ('1140', '16', '129'), ('1141', '1', '130'), ('1142', '2', '130'), ('1143', '3', '130'), ('1144', '4', '130'), ('1145', '5', '130'), ('1146', '6', '130'), ('1147', '1', '131'), ('1148', '2', '131'), ('1149', '3', '131'), ('1150', '4', '131'), ('1151', '5', '131'), ('1152', '6', '131'), ('1153', '7', '131'), ('1154', '8', '131'), ('1155', '9', '131'), ('1156', '1', '132'), ('1157', '2', '132'), ('1158', '3', '132'), ('1159', '4', '132'), ('1160', '5', '132'), ('1161', '6', '132'), ('1162', '7', '132'), ('1163', '8', '132'), ('1164', '9', '132'), ('1165', '10', '132'), ('1166', '11', '132'), ('1167', '12', '132'), ('1168', '13', '132'), ('1169', '14', '132'), ('1170', '15', '132'), ('1171', '16', '132'), ('1172', '17', '132'), ('1173', '18', '132'), ('1174', '1', '133'), ('1175', '2', '133'), ('1176', '3', '133'), ('1177', '4', '133'), ('1178', '5', '133'), ('1179', '6', '133'), ('1180', '7', '133'), ('1181', '1', '134'), ('1182', '2', '134'), ('1183', '3', '134'), ('1184', '4', '134'), ('1185', '5', '134'), ('1186', '6', '134'), ('1187', '7', '134'), ('1188', '8', '134'), ('1189', '9', '134'), ('1190', '10', '134'), ('1191', '11', '134'), ('1192', '12', '134'), ('1193', '13', '134'), ('1194', '1', '135'), ('1195', '2', '135'), ('1196', '3', '135'), ('1197', '4', '135'), ('1198', '5', '135'), ('1199', '1', '136'), ('1200', '2', '136'), ('1201', '3', '136'), ('1202', '4', '136'), ('1203', '5', '136'), ('1204', '6', '136'), ('1205', '7', '136'), ('1206', '8', '136'), ('1207', '9', '136'), ('1208', '10', '136'), ('1209', '11', '136'), ('1210', '12', '136'), ('1211', '13', '136'), ('1212', '14', '136'), ('1213', '15', '136'), ('1214', '16', '136'), ('1215', '17', '136'), ('1216', '18', '136'), ('1217', '19', '136'), ('1218', '1', '137'), ('1219', '2', '137'), ('1220', '3', '137'), ('1221', '4', '137'), ('1222', '5', '137'), ('1223', '6', '137'), ('1224', '7', '137'), ('1225', '8', '137'), ('1226', '9', '137'), ('1227', '10', '137'), ('1228', '11', '137'), ('1229', '12', '137'), ('1230', '1', '138'), ('1231', '2', '138'), ('1232', '3', '138'), ('1233', '4', '138'), ('1234', '5', '138'), ('1235', '6', '138'), ('1236', '7', '138'), ('1237', '8', '138'), ('1238', '9', '138'), ('1239', '1', '139'), ('1240', '2', '139'), ('1241', '3', '139'), ('1242', '4', '139'), ('1243', '5', '139'), ('1244', '1', '140'), ('1245', '2', '140'), ('1246', '3', '140'), ('1247', '4', '140'), ('1248', '5', '140'), ('1249', '6', '140'), ('1250', '7', '140'), ('1251', '1', '141'), ('1252', '2', '141'), ('1253', '3', '141'), ('1254', '4', '141'), ('1255', '5', '141'), ('1256', '6', '141'), ('1257', '7', '141'), ('1258', '8', '141'), ('1259', '9', '141'), ('1260', '10', '141'), ('1261', '11', '141'), ('1262', '12', '141'), ('1263', '13', '141'), ('1264', '1', '142'), ('1265', '2', '142'), ('1266', '3', '142'), ('1267', '4', '142'), ('1268', '5', '142'), ('1269', '6', '142'), ('1270', '7', '142'), ('1271', '1', '143'), ('1272', '2', '143'), ('1273', '3', '143'), ('1274', '4', '143'), ('1275', '5', '143'), ('1276', '6', '143'), ('1277', '7', '143'), ('1278', '8', '143'), ('1279', '1', '144'), ('1280', '2', '144'), ('1281', '3', '144'), ('1282', '4', '144'), ('1283', '5', '144'), ('1284', '6', '144'), ('1285', '1', '145'), ('1286', '2', '145'), ('1287', '3', '145'), ('1288', '4', '145'), ('1289', '5', '145'), ('1290', '6', '145'), ('1291', '7', '145'), ('1292', '1', '146'), ('1293', '2', '146'), ('1294', '3', '146'), ('1295', '4', '146'), ('1296', '5', '146'), ('1297', '6', '146'), ('1298', '7', '146'), ('1299', '8', '146'), ('1300', '9', '146'), ('1301', '10', '146'), ('1302', '11', '146'), ('1303', '1', '147'), ('1304', '2', '147'), ('1305', '3', '147'), ('1306', '4', '147'), ('1307', '5', '147'), ('1308', '6', '147'), ('1309', '7', '147'), ('1310', '1', '148'), ('1311', '2', '148'), ('1312', '3', '148'), ('1313', '4', '148'), ('1314', '5', '148'), ('1315', '6', '148'), ('1316', '7', '148'), ('1317', '8', '148'), ('1318', '9', '148'), ('1319', '10', '148'), ('1320', '11', '148'), ('1321', '12', '148'), ('1322', '13', '148'), ('1323', '1', '149'), ('1324', '2', '149'), ('1325', '3', '149'), ('1326', '4', '149'), ('1327', '5', '149'), ('1328', '6', '149'), ('1329', '7', '149'), ('1330', '1', '150'), ('1331', '2', '150'), ('1332', '3', '150'), ('1333', '4', '150'), ('1334', '5', '150'), ('1335', '6', '150'), ('1336', '7', '150'), ('1337', '1', '151'), ('1338', '2', '151'), ('1339', '3', '151'), ('1340', '4', '151'), ('1341', '5', '151'), ('1342', '6', '151'), ('1343', '7', '151'), ('1344', '8', '151'), ('1345', '9', '151'), ('1346', '10', '151'), ('1347', '11', '151'), ('1348', '12', '151'), ('1349', '13', '151'), ('1350', '14', '151'), ('1351', '15', '151'), ('1352', '16', '151'), ('1353', '17', '151'), ('1354', '1', '152'), ('1355', '2', '152'), ('1356', '3', '152'), ('1357', '4', '152'), ('1358', '5', '152'), ('1359', '6', '152'), ('1360', '7', '152'), ('1361', '8', '152'), ('1362', '9', '152'), ('1363', '10', '152'), ('1364', '11', '152'), ('1365', '1', '153'), ('1366', '2', '153'), ('1367', '3', '153'), ('1368', '4', '153'), ('1369', '5', '153'), ('1370', '6', '153'), ('1371', '7', '153'), ('1372', '1', '154'), ('1373', '2', '154'), ('1374', '3', '154'), ('1375', '4', '154'), ('1376', '5', '154'), ('1377', '6', '154'), ('1378', '7', '154'), ('1379', '8', '154'), ('1380', '9', '154'), ('1381', '10', '154'), ('1382', '1', '155'), ('1383', '2', '155'), ('1384', '3', '155'), ('1385', '4', '155'), ('1386', '5', '155'), ('1387', '6', '155'), ('1388', '7', '155'), ('1389', '8', '155'), ('1390', '9', '155'), ('1391', '10', '155'), ('1392', '11', '155'), ('1393', '12', '155'), ('1394', '1', '156'), ('1395', '2', '156'), ('1396', '3', '156'), ('1397', '4', '156'), ('1398', '5', '156'), ('1399', '6', '156'), ('1400', '7', '156'), ('1401', '8', '156'), ('1402', '9', '156'), ('1403', '10', '156'), ('1404', '11', '156'), ('1405', '12', '156'), ('1406', '1', '157'), ('1407', '2', '157'), ('1408', '3', '157'), ('1409', '4', '157'), ('1410', '5', '157'), ('1411', '6', '157'), ('1412', '7', '157'), ('1413', '8', '157'), ('1414', '9', '157'), ('1415', '10', '157'), ('1416', '11', '157'), ('1417', '1', '159'), ('1418', '2', '159'), ('1419', '3', '159'), ('1420', '4', '159'), ('1421', '5', '159'), ('1422', '6', '159'), ('1423', '7', '159'), ('1424', '8', '159'), ('1425', '9', '159'), ('1426', '10', '159'), ('1427', '11', '159'), ('1428', '1', '161'), ('1429', '2', '161'), ('1430', '3', '161'), ('1431', '4', '161'), ('1432', '5', '161'), ('1433', '6', '161'), ('1434', '7', '161'), ('1435', '8', '161'), ('1436', '1', '162'), ('1437', '2', '162'), ('1438', '3', '162'), ('1439', '4', '162'), ('1440', '5', '162'), ('1441', '6', '162'), ('1442', '7', '162'), ('1443', '8', '162'), ('1444', '9', '162'), ('1445', '10', '162'), ('1446', '1', '163'), ('1447', '2', '163'), ('1448', '3', '163'), ('1449', '4', '163'), ('1450', '5', '163'), ('1451', '6', '163'), ('1452', '7', '163'), ('1453', '8', '163'), ('1454', '1', '164'), ('1455', '2', '164'), ('1456', '3', '164'), ('1457', '4', '164'), ('1458', '5', '164'), ('1459', '6', '164'), ('1460', '7', '164'), ('1461', '8', '164'), ('1462', '9', '164'), ('1463', '1', '165'), ('1464', '2', '165'), ('1465', '3', '165'), ('1466', '4', '165'), ('1467', '5', '165'), ('1468', '6', '165'), ('1469', '7', '165'), ('1470', '8', '165'), ('1471', '1', '166'), ('1472', '2', '166'), ('1473', '3', '166'), ('1474', '4', '166'), ('1475', '5', '166'), ('1476', '6', '166'), ('1477', '7', '166'), ('1478', '8', '166'), ('1479', '9', '166'), ('1480', '10', '166'), ('1481', '11', '166'), ('1482', '12', '166'), ('1483', '1', '167'), ('1484', '2', '167'), ('1485', '3', '167'), ('1486', '4', '167'), ('1487', '5', '167'), ('1488', '6', '167'), ('1489', '7', '167'), ('1490', '8', '167'), ('1491', '9', '167'), ('1492', '10', '167'), ('1493', '11', '167'), ('1494', '12', '167'), ('1495', '13', '167'), ('1496', '14', '167'), ('1497', '1', '168'), ('1498', '2', '168'), ('1499', '3', '168'), ('1500', '4', '168'), ('1501', '5', '168'), ('1502', '6', '168'), ('1503', '1', '169'), ('1504', '2', '169'), ('1505', '3', '169'), ('1506', '4', '169'), ('1507', '5', '169'), ('1508', '6', '169'), ('1509', '7', '169'), ('1510', '1', '170'), ('1511', '2', '170'), ('1512', '3', '170'), ('1513', '4', '170'), ('1514', '5', '170'), ('1515', '6', '170'), ('1516', '7', '170'), ('1517', '8', '170'), ('1518', '1', '171'), ('1519', '2', '171'), ('1520', '3', '171'), ('1521', '4', '171'), ('1522', '5', '171'), ('1523', '1', '172'), ('1524', '2', '172'), ('1525', '3', '172'), ('1526', '4', '172'), ('1527', '5', '172'), ('1528', '1', '173'), ('1529', '2', '173'), ('1530', '3', '173'), ('1531', '4', '173'), ('1532', '5', '173'), ('1533', '6', '173'), ('1534', '7', '173'), ('1535', '8', '173'), ('1536', '1', '174'), ('1537', '2', '174'), ('1538', '3', '174'), ('1539', '4', '174'), ('1540', '5', '174'), ('1541', '6', '174'), ('1542', '7', '174'), ('1543', '8', '174'), ('1544', '9', '174'), ('1545', '10', '174'), ('1546', '1', '175'), ('1547', '2', '175'), ('1548', '3', '175'), ('1549', '4', '175'), ('1550', '5', '175'), ('1551', '6', '175'), ('1552', '1', '176'), ('1553', '2', '176'), ('1554', '3', '176'), ('1555', '4', '176'), ('1556', '5', '176'), ('1557', '6', '176'), ('1558', '7', '176'), ('1559', '8', '176'), ('1560', '9', '176'), ('1561', '1', '177'), ('1562', '2', '177'), ('1563', '3', '177'), ('1564', '4', '177'), ('1565', '5', '177'), ('1566', '6', '177'), ('1567', '1', '178'), ('1568', '2', '178'), ('1569', '3', '178'), ('1570', '4', '178'), ('1571', '5', '178'), ('1572', '6', '178'), ('1573', '7', '178'), ('1574', '1', '179'), ('1575', '2', '179'), ('1576', '3', '179'), ('1577', '4', '179'), ('1578', '5', '179'), ('1579', '6', '179'), ('1580', '1', '180'), ('1581', '2', '180'), ('1582', '3', '180'), ('1583', '4', '180'), ('1584', '5', '180'), ('1585', '6', '180'), ('1586', '7', '180'), ('1587', '8', '180'), ('1588', '9', '180'), ('1589', '10', '180'), ('1590', '1', '181'), ('1591', '2', '181'), ('1592', '3', '181'), ('1593', '4', '181'), ('1594', '5', '181'), ('1595', '6', '181'), ('1596', '7', '181'), ('1597', '8', '181'), ('1598', '9', '181'), ('1599', '1', '182'), ('1600', '2', '182'), ('1601', '3', '182'), ('1602', '4', '182'), ('1603', '5', '182'), ('1604', '6', '182'), ('1605', '7', '182'), ('1606', '8', '182'), ('1607', '1', '183'), ('1608', '2', '183'), ('1609', '3', '183'), ('1610', '4', '183'), ('1611', '5', '183'), ('1612', '6', '183'), ('1613', '7', '183'), ('1614', '1', '184'), ('1615', '2', '184'), ('1616', '3', '184'), ('1617', '4', '184'), ('1618', '5', '184'), ('1619', '1', '185'), ('1620', '2', '185'), ('1621', '3', '185'), ('1622', '4', '185'), ('1623', '5', '185'), ('1624', '6', '185'), ('1625', '7', '185'), ('1626', '1', '186'), ('1627', '2', '186'), ('1628', '3', '186'), ('1629', '4', '186'), ('1630', '5', '186'), ('1631', '6', '186'), ('1632', '7', '186'), ('1633', '8', '186'), ('1634', '9', '186'), ('1635', '1', '187'), ('1636', '2', '187'), ('1637', '3', '187'), ('1638', '4', '187'), ('1639', '5', '187'), ('1640', '6', '187'), ('1641', '7', '187'), ('1642', '8', '187'), ('1643', '9', '187'), ('1644', '10', '187'), ('1645', '11', '187'), ('1646', '12', '187'), ('1647', '13', '187'), ('1648', '14', '187'), ('1649', '1', '188'), ('1650', '2', '188'), ('1651', '3', '188'), ('1652', '4', '188'), ('1653', '5', '188'), ('1654', '6', '188'), ('1655', '7', '188'), ('1656', '8', '188'), ('1657', '1', '189'), ('1658', '2', '189'), ('1659', '3', '189'), ('1660', '4', '189'), ('1661', '5', '189'), ('1662', '6', '189'), ('1663', '7', '189'), ('1664', '1', '190'), ('1665', '2', '190'), ('1666', '3', '190'), ('1667', '4', '190'), ('1668', '5', '190'), ('1669', '6', '190'), ('1670', '7', '190'), ('1671', '8', '190'), ('1672', '1', '191'), ('1673', '2', '191'), ('1674', '3', '191'), ('1675', '4', '191'), ('1676', '5', '191'), ('1677', '6', '191'), ('1678', '7', '191'), ('1679', '1', '192'), ('1680', '2', '192'), ('1681', '3', '192'), ('1682', '4', '192'), ('1683', '5', '192'), ('1684', '6', '192'), ('1685', '7', '192'), ('1686', '8', '192'), ('1687', '1', '193'), ('1688', '2', '193'), ('1689', '3', '193'), ('1690', '4', '193'), ('1691', '5', '193'), ('1692', '6', '193'), ('1693', '7', '193'), ('1694', '8', '193'), ('1695', '9', '193'), ('1696', '10', '193'), ('1697', '11', '193'), ('1698', '12', '193'), ('1699', '13', '193'), ('1700', '14', '193'), ('1701', '15', '193'), ('1702', '16', '193'), ('1703', '17', '193'), ('1704', '18', '193'), ('1705', '19', '193'), ('1706', '1', '194'), ('1707', '2', '194'), ('1708', '3', '194'), ('1709', '4', '194'), ('1710', '5', '194'), ('1711', '6', '194'), ('1712', '7', '194'), ('1713', '8', '194'), ('1714', '9', '194'), ('1715', '1', '195'), ('1716', '2', '195'), ('1717', '3', '195'), ('1718', '4', '195'), ('1719', '5', '195'), ('1720', '6', '195'), ('1721', '7', '195'), ('1722', '1', '196'), ('1723', '2', '196'), ('1724', '3', '196'), ('1725', '4', '196'), ('1726', '5', '196'), ('1727', '6', '196'), ('1728', '7', '196'), ('1729', '8', '196'), ('1730', '9', '196'), ('1731', '1', '197'), ('1732', '2', '197'), ('1733', '3', '197'), ('1734', '4', '197'), ('1735', '5', '197'), ('1736', '6', '197'), ('1737', '7', '197'), ('1738', '1', '198'), ('1739', '2', '198'), ('1740', '3', '198'), ('1741', '4', '198'), ('1742', '5', '198'), ('1743', '6', '198'), ('1744', '7', '198'), ('1745', '8', '198'), ('1746', '9', '198'), ('1747', '10', '198'), ('1748', '11', '198'), ('1749', '12', '198'), ('1750', '13', '198'), ('1751', '14', '198'), ('1752', '15', '198'), ('1753', '16', '198'), ('1754', '17', '198'), ('1755', '18', '198'), ('1756', '19', '198'), ('1757', '1', '199'), ('1758', '2', '199'), ('1759', '3', '199'), ('1760', '4', '199'), ('1761', '5', '199'), ('1762', '6', '199'), ('1763', '7', '199'), ('1764', '8', '199'), ('1765', '1', '200'), ('1766', '2', '200'), ('1767', '3', '200'), ('1768', '4', '200'), ('1769', '5', '200'), ('1770', '6', '200'), ('1771', '1', '201'), ('1772', '2', '201'), ('1773', '3', '201'), ('1774', '4', '201'), ('1775', '5', '201'), ('1776', '6', '201'), ('1777', '1', '202'), ('1778', '2', '202'), ('1779', '3', '202'), ('1780', '4', '202'), ('1781', '5', '202'), ('1782', '6', '202'), ('1783', '7', '202'), ('1784', '8', '202'), ('1785', '1', '203'), ('1786', '2', '203'), ('1787', '3', '203'), ('1788', '4', '203'), ('1789', '5', '203'), ('1790', '6', '203'), ('1791', '7', '203'), ('1792', '8', '203'), ('1793', '9', '203'), ('1794', '10', '203'), ('1795', '11', '203'), ('1796', '12', '203'), ('1797', '13', '203'), ('1798', '14', '203'), ('1799', '15', '203'), ('1800', '1', '204'), ('1801', '2', '204'), ('1802', '3', '204'), ('1803', '4', '204'), ('1804', '5', '204'), ('1805', '6', '204'), ('1806', '1', '205'), ('1807', '2', '205'), ('1808', '3', '205'), ('1809', '4', '205'), ('1810', '5', '205'), ('1811', '6', '205'), ('1812', '7', '205'), ('1813', '8', '205'), ('1814', '9', '205'), ('1815', '10', '205'), ('1816', '11', '205'), ('1817', '12', '205'), ('1818', '13', '205'), ('1819', '14', '205'), ('1820', '15', '205'), ('1821', '16', '205'), ('1822', '17', '205'), ('1823', '18', '205'), ('1824', '19', '205'), ('1825', '20', '205'), ('1826', '21', '205'), ('1827', '22', '205'), ('1828', '23', '205'), ('1829', '1', '206'), ('1830', '2', '206'), ('1831', '3', '206'), ('1832', '4', '206'), ('1833', '5', '206'), ('1834', '6', '206'), ('1835', '7', '206'), ('1836', '8', '206'), ('1837', '9', '206'), ('1838', '1', '207'), ('1839', '2', '207'), ('1840', '3', '207'), ('1841', '4', '207'), ('1842', '5', '207'), ('1843', '6', '207'), ('1844', '7', '207'), ('1845', '8', '207'), ('1846', '9', '207'), ('1847', '1', '208'), ('1848', '2', '208'), ('1849', '3', '208'), ('1850', '4', '208'), ('1851', '5', '208'), ('1852', '6', '208'), ('1853', '7', '208'), ('1854', '8', '208'), ('1855', '9', '208'), ('1856', '1', '209'), ('1857', '2', '209'), ('1858', '3', '209'), ('1859', '4', '209'), ('1860', '5', '209'), ('1861', '6', '209'), ('1862', '7', '209'), ('1863', '8', '209'), ('1864', '9', '209'), ('1865', '10', '209'), ('1866', '11', '209'), ('1867', '1', '210'), ('1868', '2', '210'), ('1869', '3', '210'), ('1870', '4', '210'), ('1871', '5', '210'), ('1872', '6', '210'), ('1873', '1', '211'), ('1874', '2', '211'), ('1875', '3', '211'), ('1876', '4', '211'), ('1877', '5', '211'), ('1878', '6', '211'), ('1879', '7', '211'), ('1880', '8', '211'), ('1881', '9', '211'), ('1882', '10', '211'), ('1883', '11', '211'), ('1884', '12', '211'), ('1885', '1', '212'), ('1886', '2', '212'), ('1887', '3', '212'), ('1888', '4', '212'), ('1889', '5', '212'), ('1890', '6', '212'), ('1891', '7', '212'), ('1892', '8', '212'), ('1893', '9', '212'), ('1894', '1', '213'), ('1895', '2', '213'), ('1896', '3', '213'), ('1897', '4', '213'), ('1898', '5', '213'), ('1899', '6', '213'), ('1900', '7', '213'), ('1901', '8', '213'), ('1902', '9', '213'), ('1903', '10', '213'), ('1904', '1', '214'), ('1905', '2', '214'), ('1906', '3', '214'), ('1907', '4', '214'), ('1908', '5', '214'), ('1909', '6', '214'), ('1910', '7', '214'), ('1911', '8', '214'), ('1912', '9', '214');
COMMIT;

SET FOREIGN_KEY_CHECKS = 1;
